<?xml version='1.0' encoding='ISO-8859-1' ?>
<File Type='Page' Version='5.1.0'>
<Control Type='Page' Name='[SYS] VOL' Transition='65535' TransitionDuration='-1'>
<Position Units='Pixels' X='0' Y='0' />
<Size Units='Pixels' Width='1024' Height='748' />
<VisualStyles>
<VisualStyle>
<Background>
<Color  R='0' G='0' B='0' A='1' />
</Background>
</VisualStyle>
</VisualStyles>
<Bindings>
<Binding Id='56' Property='PageFlip'/>
</Bindings>
<Commands>
<Command Action='PageJoin' Id='56' Type='Digital' />
</Commands>
<Control Type='Button' Name='Button'>
<Position Units='Pixels' X='541' Y='255' />
<Size Units='Pixels' Width='159' Height='59' />
<VisualStyles>
<VisualStyle State='0' Mode='0'>
<Face Type='2D'>
<Color  R='0' G='0.25098' B='0.501961' A='0' />
</Face>
<Image Id='5' Alpha='1' />
<Text Id='2' FontId='3' Alignment='CenterCenter' Wrap='False'>
<Color  R='1' G='1' B='1' A='1' />
</Text>
</VisualStyle>
<VisualStyle State='1' Mode='0'>
<Face Type='2D'>
<Color  R='0.752941' G='0.752941' B='0.752941' A='1' />
</Face>
<Text Id='2' FontId='3' Alignment='CenterCenter' Wrap='False'>
<Color  R='0' G='0' B='0' A='1' />
</Text>
</VisualStyle>
</VisualStyles>
</Control>
<Control Type='Button' Name='GaugeBackdrop'>
<Position Units='Pixels' X='676' Y='339' />
<Size Units='Pixels' Width='40' Height='248' />
<VisualStyles>
<VisualStyle State='0' Mode='0'>
<Face Type='2D'>
<Color  R='0' G='0' B='0' A='1' />
</Face>
<Text FontId='1' Alignment='CenterCenter' Wrap='False'>
<Color  R='0' G='0' B='0' A='1' />
</Text>
</VisualStyle>
</VisualStyles>
</Control>
<Control Type='Slider' Name='Analog Gauge'>
<Position Units='Pixels' X='676' Y='339' />
<Size Units='Pixels' Width='40' Height='248' />
<VisualStyles>
<VisualStyle State='0' Mode='0'>
<Format Type='2' Signed='False'>
<Slider Direction='2' />
</Format>
<Face Type='2D'>
<Color  R='0' G='0' B='1' A='1' />
</Face>
<Text FontId='1' Alignment='CenterCenter' Wrap='False'>
<Color  R='0' G='0' B='0' A='1' />
</Text>
</VisualStyle>
</VisualStyles>
<Bindings>
<Binding Id='3' Type='Analog' Property='Mode'/>
</Bindings>
</Control>
<Control Type='Button' Name='Button'>
<Position Units='Pixels' X='540' Y='353' />
<Size Units='Pixels' Width='106' Height='50' />
<VisualStyles>
<VisualStyle State='0' Mode='0'>
<Face Type='2D'>
<Color  R='0' G='0' B='0' A='1' />
</Face>
<Image Id='14' Alpha='1' />
<Text Id='22' FontId='5' Alignment='CenterCenter' Wrap='False'>
<Color  R='1' G='1' B='1' A='1' />
</Text>
</VisualStyle>
<VisualStyle State='1' Mode='0'>
<Face Type='2D'>
<Color  R='0' G='0' B='0' A='1' />
</Face>
<Image Id='15' Alpha='1' />
<Text Id='22' FontId='5' Alignment='CenterCenter' Wrap='False'>
<Color  R='1' G='1' B='1' A='1' />
</Text>
</VisualStyle>
</VisualStyles>
<Bindings>
<Binding Id='111' Type='Digital' Property='State'/>
</Bindings>
<Commands>
<Command Action='TouchDown' Id='111' Type='Digital' Value='True' />
<Command Action='TouchUp' Id='111' Type='Digital' Value='False' />
</Commands>
</Control>
<Control Type='Button' Name='Button'>
<Position Units='Pixels' X='540' Y='527' />
<Size Units='Pixels' Width='106' Height='50' />
<VisualStyles>
<VisualStyle State='0' Mode='0'>
<Face Type='2D'>
<Color  R='0' G='0' B='0' A='1' />
</Face>
<Image Id='14' Alpha='1' />
<Text Id='23' FontId='5' Alignment='CenterCenter' Wrap='False'>
<Color  R='1' G='1' B='1' A='1' />
</Text>
</VisualStyle>
<VisualStyle State='1' Mode='0'>
<Face Type='2D'>
<Color  R='0' G='0' B='0' A='1' />
</Face>
<Image Id='15' Alpha='1' />
<Text Id='23' FontId='5' Alignment='CenterCenter' Wrap='False'>
<Color  R='1' G='1' B='1' A='1' />
</Text>
</VisualStyle>
</VisualStyles>
<Bindings>
<Binding Id='110' Type='Digital' Property='State'/>
</Bindings>
<Commands>
<Command Action='TouchDown' Id='110' Type='Digital' Value='True' />
<Command Action='TouchUp' Id='110' Type='Digital' Value='False' />
</Commands>
</Control>
<Control Type='Button' Name='Button'>
<Position Units='Pixels' X='539' Y='438' />
<Size Units='Pixels' Width='109' Height='55' />
<VisualStyles>
<VisualStyle State='0' Mode='0'>
<Face Type='2D'>
<Color  R='0' G='0' B='0' A='1' />
</Face>
<Image Id='14' Alpha='1' />
<Text Id='24' FontId='1' Alignment='CenterCenter' Wrap='False'>
<Color  R='1' G='1' B='1' A='1' />
</Text>
</VisualStyle>
<VisualStyle State='1' Mode='0'>
<Face Type='2D'>
<Color  R='0' G='0' B='0' A='1' />
</Face>
<Image Id='16' Alpha='1' />
<Text Id='24' FontId='1' Alignment='CenterCenter' Wrap='False'>
<Color  R='1' G='0' B='0' A='1' />
</Text>
</VisualStyle>
</VisualStyles>
<Bindings>
<Binding Id='112' Type='Digital' Property='State'/>
</Bindings>
<Commands>
<Command Action='TouchDown' Id='112' Type='Digital' Value='True' />
<Command Action='TouchUp' Id='112' Type='Digital' Value='False' />
</Commands>
</Control>
<Control Type='Button' Name='Text'>
<Position Units='Pixels' X='521' Y='254' />
<Size Units='Pixels' Width='194' Height='38' />
<VisualStyles>
<VisualStyle State='0' Mode='0'>
<Text Id='103' FontId='6' Alignment='CenterCenter' Wrap='False'>
<Color  R='1' G='1' B='1' A='1' />
</Text>
</VisualStyle>
</VisualStyles>
</Control>
<Control Type='Button' Name='Button'>
<Position Units='Pixels' X='329' Y='255' />
<Size Units='Pixels' Width='159' Height='59' />
<VisualStyles>
<VisualStyle State='0' Mode='0'>
<Face Type='2D'>
<Color  R='0' G='0.25098' B='0.501961' A='0' />
</Face>
<Image Id='5' Alpha='1' />
<Text Id='2' FontId='3' Alignment='CenterCenter' Wrap='False'>
<Color  R='1' G='1' B='1' A='1' />
</Text>
</VisualStyle>
<VisualStyle State='1' Mode='0'>
<Face Type='2D'>
<Color  R='0.752941' G='0.752941' B='0.752941' A='1' />
</Face>
<Text Id='2' FontId='3' Alignment='CenterCenter' Wrap='False'>
<Color  R='0' G='0' B='0' A='1' />
</Text>
</VisualStyle>
</VisualStyles>
</Control>
<Control Type='Button' Name='GaugeBackdrop'>
<Position Units='Pixels' X='464' Y='339' />
<Size Units='Pixels' Width='40' Height='248' />
<VisualStyles>
<VisualStyle State='0' Mode='0'>
<Face Type='2D'>
<Color  R='0' G='0' B='0' A='1' />
</Face>
<Text FontId='1' Alignment='CenterCenter' Wrap='False'>
<Color  R='0' G='0' B='0' A='1' />
</Text>
</VisualStyle>
</VisualStyles>
</Control>
<Control Type='Slider' Name='Analog Gauge'>
<Position Units='Pixels' X='464' Y='339' />
<Size Units='Pixels' Width='40' Height='248' />
<VisualStyles>
<VisualStyle State='0' Mode='0'>
<Format Type='2' Signed='False'>
<Slider Direction='2' />
</Format>
<Face Type='2D'>
<Color  R='0' G='0' B='1' A='1' />
</Face>
<Text FontId='1' Alignment='CenterCenter' Wrap='False'>
<Color  R='0' G='0' B='0' A='1' />
</Text>
</VisualStyle>
</VisualStyles>
<Bindings>
<Binding Id='2' Type='Analog' Property='Mode'/>
</Bindings>
</Control>
<Control Type='Button' Name='Button'>
<Position Units='Pixels' X='328' Y='353' />
<Size Units='Pixels' Width='106' Height='50' />
<VisualStyles>
<VisualStyle State='0' Mode='0'>
<Face Type='2D'>
<Color  R='0' G='0' B='0' A='1' />
</Face>
<Image Id='14' Alpha='1' />
<Text Id='22' FontId='5' Alignment='CenterCenter' Wrap='False'>
<Color  R='1' G='1' B='1' A='1' />
</Text>
</VisualStyle>
<VisualStyle State='1' Mode='0'>
<Face Type='2D'>
<Color  R='0' G='0' B='0' A='1' />
</Face>
<Image Id='15' Alpha='1' />
<Text Id='22' FontId='5' Alignment='CenterCenter' Wrap='False'>
<Color  R='1' G='1' B='1' A='1' />
</Text>
</VisualStyle>
</VisualStyles>
<Bindings>
<Binding Id='105' Type='Digital' Property='State'/>
</Bindings>
<Commands>
<Command Action='TouchDown' Id='105' Type='Digital' Value='True' />
<Command Action='TouchUp' Id='105' Type='Digital' Value='False' />
</Commands>
</Control>
<Control Type='Button' Name='Button'>
<Position Units='Pixels' X='328' Y='527' />
<Size Units='Pixels' Width='106' Height='50' />
<VisualStyles>
<VisualStyle State='0' Mode='0'>
<Face Type='2D'>
<Color  R='0' G='0' B='0' A='1' />
</Face>
<Image Id='14' Alpha='1' />
<Text Id='23' FontId='5' Alignment='CenterCenter' Wrap='False'>
<Color  R='1' G='1' B='1' A='1' />
</Text>
</VisualStyle>
<VisualStyle State='1' Mode='0'>
<Face Type='2D'>
<Color  R='0' G='0' B='0' A='1' />
</Face>
<Image Id='15' Alpha='1' />
<Text Id='23' FontId='5' Alignment='CenterCenter' Wrap='False'>
<Color  R='1' G='1' B='1' A='1' />
</Text>
</VisualStyle>
</VisualStyles>
<Bindings>
<Binding Id='106' Type='Digital' Property='State'/>
</Bindings>
<Commands>
<Command Action='TouchDown' Id='106' Type='Digital' Value='True' />
<Command Action='TouchUp' Id='106' Type='Digital' Value='False' />
</Commands>
</Control>
<Control Type='Button' Name='Button'>
<Position Units='Pixels' X='327' Y='438' />
<Size Units='Pixels' Width='109' Height='55' />
<VisualStyles>
<VisualStyle State='0' Mode='0'>
<Face Type='2D'>
<Color  R='0' G='0' B='0' A='1' />
</Face>
<Image Id='14' Alpha='1' />
<Text Id='24' FontId='1' Alignment='CenterCenter' Wrap='False'>
<Color  R='1' G='1' B='1' A='1' />
</Text>
</VisualStyle>
<VisualStyle State='1' Mode='0'>
<Face Type='2D'>
<Color  R='0' G='0' B='0' A='1' />
</Face>
<Image Id='16' Alpha='1' />
<Text Id='24' FontId='1' Alignment='CenterCenter' Wrap='False'>
<Color  R='1' G='0' B='0' A='1' />
</Text>
</VisualStyle>
</VisualStyles>
<Bindings>
<Binding Id='107' Type='Digital' Property='State'/>
</Bindings>
<Commands>
<Command Action='TouchDown' Id='107' Type='Digital' Value='True' />
<Command Action='TouchUp' Id='107' Type='Digital' Value='False' />
</Commands>
</Control>
<Control Type='Button' Name='Text'>
<Position Units='Pixels' X='309' Y='254' />
<Size Units='Pixels' Width='194' Height='38' />
<VisualStyles>
<VisualStyle State='0' Mode='0'>
<Text Id='104' FontId='6' Alignment='CenterCenter' Wrap='False'>
<Color  R='1' G='1' B='1' A='1' />
</Text>
</VisualStyle>
</VisualStyles>
</Control>
<Control Type='Button' Name='Button'>
<Position Units='Pixels' X='105' Y='255' />
<Size Units='Pixels' Width='159' Height='59' />
<VisualStyles>
<VisualStyle State='0' Mode='0'>
<Face Type='2D'>
<Color  R='0' G='0.25098' B='0.501961' A='0' />
</Face>
<Image Id='5' Alpha='1' />
<Text Id='2' FontId='3' Alignment='CenterCenter' Wrap='False'>
<Color  R='1' G='1' B='1' A='1' />
</Text>
</VisualStyle>
<VisualStyle State='1' Mode='0'>
<Face Type='2D'>
<Color  R='0.752941' G='0.752941' B='0.752941' A='1' />
</Face>
<Text Id='2' FontId='3' Alignment='CenterCenter' Wrap='False'>
<Color  R='0' G='0' B='0' A='1' />
</Text>
</VisualStyle>
</VisualStyles>
</Control>
<Control Type='Button' Name='GaugeBackdrop'>
<Position Units='Pixels' X='240' Y='339' />
<Size Units='Pixels' Width='40' Height='248' />
<VisualStyles>
<VisualStyle State='0' Mode='0'>
<Face Type='2D'>
<Color  R='0' G='0' B='0' A='1' />
</Face>
<Text FontId='1' Alignment='CenterCenter' Wrap='False'>
<Color  R='0' G='0' B='0' A='1' />
</Text>
</VisualStyle>
</VisualStyles>
</Control>
<Control Type='Slider' Name='Analog Gauge'>
<Position Units='Pixels' X='240' Y='339' />
<Size Units='Pixels' Width='40' Height='248' />
<VisualStyles>
<VisualStyle State='0' Mode='0'>
<Format Type='2' Signed='False'>
<Slider Direction='2' />
</Format>
<Face Type='2D'>
<Color  R='0' G='0' B='1' A='1' />
</Face>
<Text FontId='1' Alignment='CenterCenter' Wrap='False'>
<Color  R='0' G='0' B='0' A='1' />
</Text>
</VisualStyle>
</VisualStyles>
<Bindings>
<Binding Id='1' Type='Analog' Property='Mode'/>
</Bindings>
</Control>
<Control Type='Button' Name='Button'>
<Position Units='Pixels' X='104' Y='353' />
<Size Units='Pixels' Width='106' Height='50' />
<VisualStyles>
<VisualStyle State='0' Mode='0'>
<Face Type='2D'>
<Color  R='0' G='0' B='0' A='1' />
</Face>
<Image Id='14' Alpha='1' />
<Text Id='22' FontId='5' Alignment='CenterCenter' Wrap='False'>
<Color  R='1' G='1' B='1' A='1' />
</Text>
</VisualStyle>
<VisualStyle State='1' Mode='0'>
<Face Type='2D'>
<Color  R='0' G='0' B='0' A='1' />
</Face>
<Image Id='15' Alpha='1' />
<Text Id='22' FontId='5' Alignment='CenterCenter' Wrap='False'>
<Color  R='1' G='1' B='1' A='1' />
</Text>
</VisualStyle>
</VisualStyles>
<Bindings>
<Binding Id='100' Type='Digital' Property='State'/>
</Bindings>
<Commands>
<Command Action='TouchDown' Id='100' Type='Digital' Value='True' />
<Command Action='TouchUp' Id='100' Type='Digital' Value='False' />
</Commands>
</Control>
<Control Type='Button' Name='Button'>
<Position Units='Pixels' X='104' Y='527' />
<Size Units='Pixels' Width='106' Height='50' />
<VisualStyles>
<VisualStyle State='0' Mode='0'>
<Face Type='2D'>
<Color  R='0' G='0' B='0' A='1' />
</Face>
<Image Id='14' Alpha='1' />
<Text Id='23' FontId='5' Alignment='CenterCenter' Wrap='False'>
<Color  R='1' G='1' B='1' A='1' />
</Text>
</VisualStyle>
<VisualStyle State='1' Mode='0'>
<Face Type='2D'>
<Color  R='0' G='0' B='0' A='1' />
</Face>
<Image Id='15' Alpha='1' />
<Text Id='23' FontId='5' Alignment='CenterCenter' Wrap='False'>
<Color  R='1' G='1' B='1' A='1' />
</Text>
</VisualStyle>
</VisualStyles>
<Bindings>
<Binding Id='101' Type='Digital' Property='State'/>
</Bindings>
<Commands>
<Command Action='TouchDown' Id='101' Type='Digital' Value='True' />
<Command Action='TouchUp' Id='101' Type='Digital' Value='False' />
</Commands>
</Control>
<Control Type='Button' Name='Button'>
<Position Units='Pixels' X='103' Y='438' />
<Size Units='Pixels' Width='109' Height='55' />
<VisualStyles>
<VisualStyle State='0' Mode='0'>
<Face Type='2D'>
<Color  R='0' G='0' B='0' A='1' />
</Face>
<Image Id='14' Alpha='1' />
<Text Id='24' FontId='1' Alignment='CenterCenter' Wrap='False'>
<Color  R='1' G='1' B='1' A='1' />
</Text>
</VisualStyle>
<VisualStyle State='1' Mode='0'>
<Face Type='2D'>
<Color  R='0' G='0' B='0' A='1' />
</Face>
<Image Id='16' Alpha='1' />
<Text Id='24' FontId='1' Alignment='CenterCenter' Wrap='False'>
<Color  R='1' G='0' B='0' A='1' />
</Text>
</VisualStyle>
</VisualStyles>
<Bindings>
<Binding Id='102' Type='Digital' Property='State'/>
</Bindings>
<Commands>
<Command Action='TouchDown' Id='102' Type='Digital' Value='True' />
<Command Action='TouchUp' Id='102' Type='Digital' Value='False' />
</Commands>
</Control>
<Control Type='Button' Name='Text'>
<Position Units='Pixels' X='85' Y='254' />
<Size Units='Pixels' Width='194' Height='38' />
<VisualStyles>
<VisualStyle State='0' Mode='0'>
<Text Id='105' FontId='6' Alignment='CenterCenter' Wrap='False'>
<Color  R='1' G='1' B='1' A='1' />
</Text>
</VisualStyle>
</VisualStyles>
</Control>
<Control Type='Button' Name='Button'>
<Position Units='Pixels' X='0' Y='0' />
<Size Units='Pixels' Width='116' Height='58' />
<VisualStyles>
<VisualStyle State='0' Mode='0'>
<Face Type='2D'>
<Color  R='1' G='1' B='1' A='0' />
</Face>
<Image Id='1' Alpha='1' />
</VisualStyle>
<VisualStyle State='1' Mode='0'>
<Face Type='2D'>
<Color  R='1' G='1' B='1' A='0' />
</Face>
<Image Id='2' Alpha='1' />
</VisualStyle>
</VisualStyles>
<Bindings>
<Binding Id='17242' Type='Digital' Property='State'/>
</Bindings>
<Commands>
<Command Action='TouchDown' Id='17242' Type='Digital' Value='True' />
<Command Action='TouchUp' Id='17242' Type='Digital' Value='False' />
</Commands>
</Control>
<Control Type='Button' Name='Button'>
<Position Units='Pixels' X='212' Y='30' />
<Size Units='Pixels' Width='198' Height='81' />
<VisualStyles>
<VisualStyle State='0' Mode='0'>
<Face Type='2D'>
<Color  R='0.501961' G='0.501961' B='0.501961' A='0' />
</Face>
<Image Id='18' Alpha='1' />
<Text Id='28' FontId='1' Alignment='CenterCenter' Wrap='False'>
<Color  R='1' G='1' B='1' A='1' />
</Text>
</VisualStyle>
<VisualStyle State='1' Mode='0'>
<Face Type='2D'>
<Color  R='1' G='1' B='1' A='0' />
</Face>
<Image Id='19' Alpha='1' />
<Text Id='28' FontId='1' Alignment='CenterCenter' Wrap='False'>
<Color  R='0' G='0' B='0' A='1' />
</Text>
</VisualStyle>
</VisualStyles>
<Bindings>
<Binding Id='24' Type='Digital' Property='State'/>
</Bindings>
<Commands>
<Command Action='TouchDown' Id='24' Type='Digital' Value='True' />
<Command Action='TouchUp' Id='24' Type='Digital' Value='False' />
</Commands>
</Control>
<Control Type='Button' Name='Button'>
<Position Units='Pixels' X='415' Y='30' />
<Size Units='Pixels' Width='198' Height='81' />
<VisualStyles>
<VisualStyle State='0' Mode='0'>
<Face Type='2D'>
<Color  R='0.501961' G='0.501961' B='0.501961' A='0' />
</Face>
<Image Id='18' Alpha='1' />
<Text Id='29' FontId='1' Alignment='CenterCenter' Wrap='False'>
<Color  R='1' G='1' B='1' A='1' />
</Text>
</VisualStyle>
<VisualStyle State='1' Mode='0'>
<Face Type='2D'>
<Color  R='1' G='1' B='1' A='0' />
</Face>
<Image Id='19' Alpha='1' />
<Text Id='29' FontId='1' Alignment='CenterCenter' Wrap='False'>
<Color  R='0' G='0' B='0' A='1' />
</Text>
</VisualStyle>
</VisualStyles>
<Bindings>
<Binding Id='25' Type='Digital' Property='State'/>
</Bindings>
<Commands>
<Command Action='TouchDown' Id='25' Type='Digital' Value='True' />
<Command Action='TouchUp' Id='25' Type='Digital' Value='False' />
</Commands>
</Control>
<Control Type='Button' Name='Button'>
<Position Units='Pixels' X='618' Y='30' />
<Size Units='Pixels' Width='198' Height='81' />
<VisualStyles>
<VisualStyle State='0' Mode='0'>
<Face Type='2D'>
<Color  R='0.501961' G='0.501961' B='0.501961' A='0' />
</Face>
<Image Id='18' Alpha='1' />
<Text Id='30' FontId='1' Alignment='CenterCenter' Wrap='False'>
<Color  R='1' G='1' B='1' A='1' />
</Text>
</VisualStyle>
<VisualStyle State='1' Mode='0'>
<Face Type='2D'>
<Color  R='1' G='1' B='1' A='0' />
</Face>
<Image Id='19' Alpha='1' />
<Text Id='30' FontId='1' Alignment='CenterCenter' Wrap='False'>
<Color  R='0' G='0' B='0' A='1' />
</Text>
</VisualStyle>
</VisualStyles>
<Bindings>
<Binding Id='26' Type='Digital' Property='State'/>
</Bindings>
<Commands>
<Command Action='TouchDown' Id='26' Type='Digital' Value='True' />
<Command Action='TouchUp' Id='26' Type='Digital' Value='False' />
</Commands>
</Control>
<Control Type='Button' Name='Button'>
<Position Units='Pixels' X='821' Y='30' />
<Size Units='Pixels' Width='198' Height='81' />
<VisualStyles>
<VisualStyle State='0' Mode='0'>
<Face Type='2D'>
<Color  R='0.501961' G='0.501961' B='0.501961' A='0' />
</Face>
<Image Id='18' Alpha='1' />
<Text Id='31' FontId='1' Alignment='CenterCenter' Wrap='False'>
<Color  R='1' G='1' B='1' A='1' />
</Text>
</VisualStyle>
<VisualStyle State='1' Mode='0'>
<Face Type='2D'>
<Color  R='1' G='1' B='1' A='0' />
</Face>
<Image Id='19' Alpha='1' />
<Text Id='31' FontId='1' Alignment='CenterCenter' Wrap='False'>
<Color  R='0' G='0' B='0' A='1' />
</Text>
</VisualStyle>
</VisualStyles>
<Bindings>
<Binding Id='27' Type='Digital' Property='State'/>
</Bindings>
<Commands>
<Command Action='TouchDown' Id='27' Type='Digital' Value='True' />
<Command Action='TouchUp' Id='27' Type='Digital' Value='False' />
</Commands>
</Control>
<Control Type='Button' Name='Border'>
<Position Units='Pixels' X='0' Y='102' />
<Size Units='Pixels' Width='1024' Height='26' />
<VisualStyles>
<VisualStyle State='0' Mode='0'>
<Face Type='2D'>
<Color  R='1' G='1' B='1' A='1' />
</Face>
<Text FontId='1' Alignment='CenterCenter' Wrap='False'>
<Color  R='0' G='0' B='0' A='1' />
</Text>
</VisualStyle>
</VisualStyles>
</Control>
<Control Type='Button' Name='Button'>
<Position Units='Pixels' X='765' Y='255' />
<Size Units='Pixels' Width='159' Height='59' />
<VisualStyles>
<VisualStyle State='0' Mode='0'>
<Face Type='2D'>
<Color  R='0' G='0.25098' B='0.501961' A='0' />
</Face>
<Image Id='5' Alpha='1' />
<Text Id='2' FontId='3' Alignment='CenterCenter' Wrap='False'>
<Color  R='1' G='1' B='1' A='1' />
</Text>
</VisualStyle>
<VisualStyle State='1' Mode='0'>
<Face Type='2D'>
<Color  R='0.752941' G='0.752941' B='0.752941' A='1' />
</Face>
<Text Id='2' FontId='3' Alignment='CenterCenter' Wrap='False'>
<Color  R='0' G='0' B='0' A='1' />
</Text>
</VisualStyle>
</VisualStyles>
</Control>
<Control Type='Button' Name='GaugeBackdrop'>
<Position Units='Pixels' X='900' Y='339' />
<Size Units='Pixels' Width='40' Height='248' />
<VisualStyles>
<VisualStyle State='0' Mode='0'>
<Face Type='2D'>
<Color  R='0' G='0' B='0' A='1' />
</Face>
<Text FontId='1' Alignment='CenterCenter' Wrap='False'>
<Color  R='0' G='0' B='0' A='1' />
</Text>
</VisualStyle>
</VisualStyles>
</Control>
<Control Type='Slider' Name='Analog Gauge'>
<Position Units='Pixels' X='900' Y='339' />
<Size Units='Pixels' Width='40' Height='248' />
<VisualStyles>
<VisualStyle State='0' Mode='0'>
<Format Type='2' Signed='False'>
<Slider Direction='2' />
</Format>
<Face Type='2D'>
<Color  R='0' G='0' B='1' A='1' />
</Face>
<Text FontId='1' Alignment='CenterCenter' Wrap='False'>
<Color  R='0' G='0' B='0' A='1' />
</Text>
</VisualStyle>
</VisualStyles>
<Bindings>
<Binding Id='4' Type='Analog' Property='Mode'/>
</Bindings>
</Control>
<Control Type='Button' Name='Button'>
<Position Units='Pixels' X='764' Y='353' />
<Size Units='Pixels' Width='106' Height='50' />
<VisualStyles>
<VisualStyle State='0' Mode='0'>
<Face Type='2D'>
<Color  R='0' G='0' B='0' A='1' />
</Face>
<Image Id='14' Alpha='1' />
<Text Id='22' FontId='5' Alignment='CenterCenter' Wrap='False'>
<Color  R='1' G='1' B='1' A='1' />
</Text>
</VisualStyle>
<VisualStyle State='1' Mode='0'>
<Face Type='2D'>
<Color  R='0' G='0' B='0' A='1' />
</Face>
<Image Id='15' Alpha='1' />
<Text Id='22' FontId='5' Alignment='CenterCenter' Wrap='False'>
<Color  R='1' G='1' B='1' A='1' />
</Text>
</VisualStyle>
</VisualStyles>
<Bindings>
<Binding Id='115' Type='Digital' Property='State'/>
</Bindings>
<Commands>
<Command Action='TouchDown' Id='115' Type='Digital' Value='True' />
<Command Action='TouchUp' Id='115' Type='Digital' Value='False' />
</Commands>
</Control>
<Control Type='Button' Name='Button'>
<Position Units='Pixels' X='764' Y='527' />
<Size Units='Pixels' Width='106' Height='50' />
<VisualStyles>
<VisualStyle State='0' Mode='0'>
<Face Type='2D'>
<Color  R='0' G='0' B='0' A='1' />
</Face>
<Image Id='14' Alpha='1' />
<Text Id='23' FontId='5' Alignment='CenterCenter' Wrap='False'>
<Color  R='1' G='1' B='1' A='1' />
</Text>
</VisualStyle>
<VisualStyle State='1' Mode='0'>
<Face Type='2D'>
<Color  R='0' G='0' B='0' A='1' />
</Face>
<Image Id='15' Alpha='1' />
<Text Id='23' FontId='5' Alignment='CenterCenter' Wrap='False'>
<Color  R='1' G='1' B='1' A='1' />
</Text>
</VisualStyle>
</VisualStyles>
<Bindings>
<Binding Id='116' Type='Digital' Property='State'/>
</Bindings>
<Commands>
<Command Action='TouchDown' Id='116' Type='Digital' Value='True' />
<Command Action='TouchUp' Id='116' Type='Digital' Value='False' />
</Commands>
</Control>
<Control Type='Button' Name='Button'>
<Position Units='Pixels' X='763' Y='438' />
<Size Units='Pixels' Width='109' Height='55' />
<VisualStyles>
<VisualStyle State='0' Mode='0'>
<Face Type='2D'>
<Color  R='0' G='0' B='0' A='1' />
</Face>
<Image Id='14' Alpha='1' />
<Text Id='24' FontId='1' Alignment='CenterCenter' Wrap='False'>
<Color  R='1' G='1' B='1' A='1' />
</Text>
</VisualStyle>
<VisualStyle State='1' Mode='0'>
<Face Type='2D'>
<Color  R='0' G='0' B='0' A='1' />
</Face>
<Image Id='16' Alpha='1' />
<Text Id='24' FontId='1' Alignment='CenterCenter' Wrap='False'>
<Color  R='1' G='0' B='0' A='1' />
</Text>
</VisualStyle>
</VisualStyles>
<Bindings>
<Binding Id='117' Type='Digital' Property='State'/>
</Bindings>
<Commands>
<Command Action='TouchDown' Id='117' Type='Digital' Value='True' />
<Command Action='TouchUp' Id='117' Type='Digital' Value='False' />
</Commands>
</Control>
<Control Type='Button' Name='Text'>
<Position Units='Pixels' X='745' Y='254' />
<Size Units='Pixels' Width='194' Height='38' />
<VisualStyles>
<VisualStyle State='0' Mode='0'>
<Text Id='106' FontId='6' Alignment='CenterCenter' Wrap='False'>
<Color  R='1' G='1' B='1' A='1' />
</Text>
</VisualStyle>
</VisualStyles>
</Control>
<Control Type='Subpage' Name='Subref' Reference='{ATC} INCOMING CALL'>
<Position Units='Pixels' X='5' Y='130' />
<Size Units='Pixels' Width='805' Height='616' />
<Bindings>
<Binding Id='80' Type='Digital' Property='Visible'/>
</Bindings>
</Control>
</Control>
</File>
