<?xml version='1.0' encoding='ISO-8859-1' ?>
<File Type='Page' Version='5.1.0'>
<Control Type='Subpage' Name='{PRES} no controls'>
<Position Units='Pixels' X='0' Y='0' />
<Size Units='Pixels' Width='576' Height='595' />
<VisualStyles>
<VisualStyle>
<Background>
<Color  R='0' G='0' B='0.356863' A='1' />
</Background>
</VisualStyle>
</VisualStyles>
<Control Type='Button' Name='Button'>
<Position Units='Pixels' X='144' Y='13' />
<Size Units='Pixels' Width='282' Height='50' />
<VisualStyles>
<VisualStyle State='0' Mode='0'>
<Face Type='2D'>
<Color  R='0' G='0.25098' B='0.501961' A='0' />
</Face>
<Image Id='21' Alpha='1' />
<Text FontId='7' Alignment='CenterCenter' Wrap='False'>
<Bindings>
<Binding Id='3' Type='Serial' Property='Text'/>
</Bindings>
<Color  R='1' G='1' B='1' A='1' />
</Text>
</VisualStyle>
<VisualStyle State='1' Mode='0'>
<Face Type='2D'>
<Color  R='0.752941' G='0.752941' B='0.752941' A='1' />
</Face>
<Text FontId='7' Alignment='CenterCenter' Wrap='False'>
<Bindings>
<Binding Id='3' Type='Serial' Property='Text'/>
</Bindings>
<Color  R='0' G='0' B='0' A='1' />
</Text>
</VisualStyle>
</VisualStyles>
</Control>
<Control Type='Button' Name='Button'>
<Position Units='Pixels' X='210' Y='256' />
<Size Units='Pixels' Width='156' Height='54' />
<VisualStyles>
<VisualStyle State='0' Mode='0'>
<Face Type='2D'>
<Color  R='1' G='1' B='1' A='0' />
</Face>
<Image Id='10' Alpha='1' />
<Text Id='88' FontId='3' Alignment='CenterCenter' Wrap='False'>
<Color  R='1' G='1' B='1' A='1' />
</Text>
</VisualStyle>
<VisualStyle State='1' Mode='0'>
<Face Type='2D'>
<Color  R='0' G='0' B='0' A='1' />
</Face>
<Image Id='11' Alpha='1' />
<Text Id='88' FontId='3' Alignment='CenterCenter' Wrap='False'>
<Color  R='1' G='1' B='1' A='1' />
</Text>
</VisualStyle>
</VisualStyles>
<Bindings>
<Binding Id='220' Type='Digital' Property='State'/>
</Bindings>
<Commands>
<Command Action='TouchDown' Id='220' Type='Digital' Value='True' />
<Command Action='TouchUp' Id='220' Type='Digital' Value='False' />
</Commands>
</Control>
</Control>
</File>
