<?xml version='1.0' encoding='ISO-8859-1' ?>
<File Type='Page' Version='5.1.0'>
<Control Type='Subpage' Name='{PRES} satellite'>
<Position Units='Pixels' X='0' Y='0' />
<Size Units='Pixels' Width='576' Height='595' />
<VisualStyles>
<VisualStyle>
<Background>
<Color  R='0' G='0' B='0.356863' A='1' />
</Background>
</VisualStyle>
</VisualStyles>
<Control Type='Button' Name='Button'>
<Position Units='Pixels' X='144' Y='13' />
<Size Units='Pixels' Width='282' Height='50' />
<VisualStyles>
<VisualStyle State='0' Mode='0'>
<Face Type='2D'>
<Color  R='0' G='0.25098' B='0.501961' A='0' />
</Face>
<Image Id='21' Alpha='1' />
<Text FontId='7' Alignment='CenterCenter' Wrap='False'>
<Bindings>
<Binding Id='3' Type='Serial' Property='Text'/>
</Bindings>
<Color  R='1' G='1' B='1' A='1' />
</Text>
</VisualStyle>
<VisualStyle State='1' Mode='0'>
<Face Type='2D'>
<Color  R='0.752941' G='0.752941' B='0.752941' A='1' />
</Face>
<Text FontId='7' Alignment='CenterCenter' Wrap='False'>
<Bindings>
<Binding Id='3' Type='Serial' Property='Text'/>
</Bindings>
<Color  R='0' G='0' B='0' A='1' />
</Text>
</VisualStyle>
</VisualStyles>
</Control>
<Control Type='Button' Name='Button'>
<Position Units='Pixels' X='96' Y='152' />
<Size Units='Pixels' Width='115' Height='53' />
<VisualStyles>
<VisualStyle State='0' Mode='0'>
<Face Type='2D'>
<Color  R='1' G='1' B='1' A='0' />
</Face>
<Image Id='10' Alpha='1' />
<Text Id='5' FontId='7' Alignment='CenterCenter' Wrap='False'>
<Color  R='1' G='1' B='1' A='1' />
</Text>
</VisualStyle>
<VisualStyle State='1' Mode='0'>
<Face Type='2D'>
<Color  R='0' G='0' B='0' A='1' />
</Face>
<Image Id='11' Alpha='1' />
<Text Id='5' FontId='7' Alignment='CenterCenter' Wrap='False'>
<Color  R='1' G='1' B='1' A='1' />
</Text>
</VisualStyle>
</VisualStyles>
<Bindings>
<Binding Id='286' Type='Digital' Property='State'/>
</Bindings>
<Commands>
<Command Action='TouchDown' Id='286' Type='Digital' Value='True' />
<Command Action='TouchUp' Id='286' Type='Digital' Value='False' />
</Commands>
</Control>
<Control Type='Button' Name='Button'>
<Position Units='Pixels' X='226' Y='152' />
<Size Units='Pixels' Width='115' Height='53' />
<VisualStyles>
<VisualStyle State='0' Mode='0'>
<Face Type='2D'>
<Color  R='1' G='1' B='1' A='0' />
</Face>
<Image Id='10' Alpha='1' />
<Text Id='4' FontId='7' Alignment='CenterCenter' Wrap='False'>
<Color  R='1' G='1' B='1' A='1' />
</Text>
</VisualStyle>
<VisualStyle State='1' Mode='0'>
<Face Type='2D'>
<Color  R='0' G='0' B='0' A='1' />
</Face>
<Image Id='11' Alpha='1' />
<Text Id='4' FontId='7' Alignment='CenterCenter' Wrap='False'>
<Color  R='1' G='1' B='1' A='1' />
</Text>
</VisualStyle>
</VisualStyles>
<Bindings>
<Binding Id='287' Type='Digital' Property='State'/>
</Bindings>
<Commands>
<Command Action='TouchDown' Id='287' Type='Digital' Value='True' />
<Command Action='TouchUp' Id='287' Type='Digital' Value='False' />
</Commands>
</Control>
<Control Type='Button' Name='Button'>
<Position Units='Pixels' X='356' Y='152' />
<Size Units='Pixels' Width='115' Height='53' />
<VisualStyles>
<VisualStyle State='0' Mode='0'>
<Face Type='2D'>
<Color  R='1' G='1' B='1' A='0' />
</Face>
<Image Id='10' Alpha='1' />
<Text Id='6' FontId='7' Alignment='CenterCenter' Wrap='False'>
<Color  R='1' G='1' B='1' A='1' />
</Text>
</VisualStyle>
<VisualStyle State='1' Mode='0'>
<Face Type='2D'>
<Color  R='0' G='0' B='0' A='1' />
</Face>
<Image Id='11' Alpha='1' />
<Text Id='6' FontId='7' Alignment='CenterCenter' Wrap='False'>
<Color  R='1' G='1' B='1' A='1' />
</Text>
</VisualStyle>
</VisualStyles>
<Bindings>
<Binding Id='288' Type='Digital' Property='State'/>
</Bindings>
<Commands>
<Command Action='TouchDown' Id='288' Type='Digital' Value='True' />
<Command Action='TouchUp' Id='288' Type='Digital' Value='False' />
</Commands>
</Control>
<Control Type='Button' Name='Button'>
<Position Units='Pixels' X='96' Y='228' />
<Size Units='Pixels' Width='115' Height='53' />
<VisualStyles>
<VisualStyle State='0' Mode='0'>
<Face Type='2D'>
<Color  R='1' G='1' B='1' A='0' />
</Face>
<Image Id='10' Alpha='1' />
<Text Id='7' FontId='7' Alignment='CenterCenter' Wrap='False'>
<Color  R='1' G='1' B='1' A='1' />
</Text>
</VisualStyle>
<VisualStyle State='1' Mode='0'>
<Face Type='2D'>
<Color  R='0' G='0' B='0' A='1' />
</Face>
<Image Id='11' Alpha='1' />
<Text Id='7' FontId='7' Alignment='CenterCenter' Wrap='False'>
<Color  R='1' G='1' B='1' A='1' />
</Text>
</VisualStyle>
</VisualStyles>
<Bindings>
<Binding Id='289' Type='Digital' Property='State'/>
</Bindings>
<Commands>
<Command Action='TouchDown' Id='289' Type='Digital' Value='True' />
<Command Action='TouchUp' Id='289' Type='Digital' Value='False' />
</Commands>
</Control>
<Control Type='Button' Name='Button'>
<Position Units='Pixels' X='226' Y='228' />
<Size Units='Pixels' Width='115' Height='53' />
<VisualStyles>
<VisualStyle State='0' Mode='0'>
<Face Type='2D'>
<Color  R='1' G='1' B='1' A='0' />
</Face>
<Image Id='10' Alpha='1' />
<Text Id='8' FontId='7' Alignment='CenterCenter' Wrap='False'>
<Color  R='1' G='1' B='1' A='1' />
</Text>
</VisualStyle>
<VisualStyle State='1' Mode='0'>
<Face Type='2D'>
<Color  R='0' G='0' B='0' A='1' />
</Face>
<Image Id='11' Alpha='1' />
<Text Id='8' FontId='7' Alignment='CenterCenter' Wrap='False'>
<Color  R='1' G='1' B='1' A='1' />
</Text>
</VisualStyle>
</VisualStyles>
<Bindings>
<Binding Id='290' Type='Digital' Property='State'/>
</Bindings>
<Commands>
<Command Action='TouchDown' Id='290' Type='Digital' Value='True' />
<Command Action='TouchUp' Id='290' Type='Digital' Value='False' />
</Commands>
</Control>
<Control Type='Button' Name='Button'>
<Position Units='Pixels' X='356' Y='228' />
<Size Units='Pixels' Width='115' Height='53' />
<VisualStyles>
<VisualStyle State='0' Mode='0'>
<Face Type='2D'>
<Color  R='1' G='1' B='1' A='0' />
</Face>
<Image Id='10' Alpha='1' />
<Text Id='9' FontId='7' Alignment='CenterCenter' Wrap='False'>
<Color  R='1' G='1' B='1' A='1' />
</Text>
</VisualStyle>
<VisualStyle State='1' Mode='0'>
<Face Type='2D'>
<Color  R='0' G='0' B='0' A='1' />
</Face>
<Image Id='11' Alpha='1' />
<Text Id='9' FontId='7' Alignment='CenterCenter' Wrap='False'>
<Color  R='1' G='1' B='1' A='1' />
</Text>
</VisualStyle>
</VisualStyles>
<Bindings>
<Binding Id='291' Type='Digital' Property='State'/>
</Bindings>
<Commands>
<Command Action='TouchDown' Id='291' Type='Digital' Value='True' />
<Command Action='TouchUp' Id='291' Type='Digital' Value='False' />
</Commands>
</Control>
<Control Type='Button' Name='Button'>
<Position Units='Pixels' X='96' Y='304' />
<Size Units='Pixels' Width='115' Height='53' />
<VisualStyles>
<VisualStyle State='0' Mode='0'>
<Face Type='2D'>
<Color  R='1' G='1' B='1' A='0' />
</Face>
<Image Id='10' Alpha='1' />
<Text Id='10' FontId='7' Alignment='CenterCenter' Wrap='False'>
<Color  R='1' G='1' B='1' A='1' />
</Text>
</VisualStyle>
<VisualStyle State='1' Mode='0'>
<Face Type='2D'>
<Color  R='0' G='0' B='0' A='1' />
</Face>
<Image Id='11' Alpha='1' />
<Text Id='10' FontId='7' Alignment='CenterCenter' Wrap='False'>
<Color  R='1' G='1' B='1' A='1' />
</Text>
</VisualStyle>
</VisualStyles>
<Bindings>
<Binding Id='292' Type='Digital' Property='State'/>
</Bindings>
<Commands>
<Command Action='TouchDown' Id='292' Type='Digital' Value='True' />
<Command Action='TouchUp' Id='292' Type='Digital' Value='False' />
</Commands>
</Control>
<Control Type='Button' Name='Button'>
<Position Units='Pixels' X='226' Y='304' />
<Size Units='Pixels' Width='115' Height='53' />
<VisualStyles>
<VisualStyle State='0' Mode='0'>
<Face Type='2D'>
<Color  R='1' G='1' B='1' A='0' />
</Face>
<Image Id='10' Alpha='1' />
<Text Id='11' FontId='7' Alignment='CenterCenter' Wrap='False'>
<Color  R='1' G='1' B='1' A='1' />
</Text>
</VisualStyle>
<VisualStyle State='1' Mode='0'>
<Face Type='2D'>
<Color  R='0' G='0' B='0' A='1' />
</Face>
<Image Id='11' Alpha='1' />
<Text Id='11' FontId='7' Alignment='CenterCenter' Wrap='False'>
<Color  R='1' G='1' B='1' A='1' />
</Text>
</VisualStyle>
</VisualStyles>
<Bindings>
<Binding Id='293' Type='Digital' Property='State'/>
</Bindings>
<Commands>
<Command Action='TouchDown' Id='293' Type='Digital' Value='True' />
<Command Action='TouchUp' Id='293' Type='Digital' Value='False' />
</Commands>
</Control>
<Control Type='Button' Name='Button'>
<Position Units='Pixels' X='356' Y='304' />
<Size Units='Pixels' Width='115' Height='53' />
<VisualStyles>
<VisualStyle State='0' Mode='0'>
<Face Type='2D'>
<Color  R='1' G='1' B='1' A='0' />
</Face>
<Image Id='10' Alpha='1' />
<Text Id='12' FontId='7' Alignment='CenterCenter' Wrap='False'>
<Color  R='1' G='1' B='1' A='1' />
</Text>
</VisualStyle>
<VisualStyle State='1' Mode='0'>
<Face Type='2D'>
<Color  R='0' G='0' B='0' A='1' />
</Face>
<Image Id='11' Alpha='1' />
<Text Id='12' FontId='7' Alignment='CenterCenter' Wrap='False'>
<Color  R='1' G='1' B='1' A='1' />
</Text>
</VisualStyle>
</VisualStyles>
<Bindings>
<Binding Id='294' Type='Digital' Property='State'/>
</Bindings>
<Commands>
<Command Action='TouchDown' Id='294' Type='Digital' Value='True' />
<Command Action='TouchUp' Id='294' Type='Digital' Value='False' />
</Commands>
</Control>
<Control Type='Button' Name='Button'>
<Position Units='Pixels' X='96' Y='380' />
<Size Units='Pixels' Width='115' Height='53' />
<VisualStyles>
<VisualStyle State='0' Mode='0'>
<Face Type='2D'>
<Color  R='1' G='1' B='1' A='0' />
</Face>
<Image Id='10' Alpha='1' />
<Text Id='107' FontId='7' Alignment='CenterCenter' Wrap='False'>
<Color  R='1' G='1' B='1' A='1' />
</Text>
</VisualStyle>
<VisualStyle State='1' Mode='0'>
<Face Type='2D'>
<Color  R='0' G='0' B='0' A='1' />
</Face>
<Image Id='11' Alpha='1' />
<Text Id='107' FontId='7' Alignment='CenterCenter' Wrap='False'>
<Color  R='1' G='1' B='1' A='1' />
</Text>
</VisualStyle>
</VisualStyles>
<Bindings>
<Binding Id='295' Type='Digital' Property='State'/>
</Bindings>
<Commands>
<Command Action='TouchDown' Id='295' Type='Digital' Value='True' />
<Command Action='TouchUp' Id='295' Type='Digital' Value='False' />
</Commands>
</Control>
<Control Type='Button' Name='Button'>
<Position Units='Pixels' X='226' Y='380' />
<Size Units='Pixels' Width='115' Height='53' />
<VisualStyles>
<VisualStyle State='0' Mode='0'>
<Face Type='2D'>
<Color  R='1' G='1' B='1' A='0' />
</Face>
<Image Id='10' Alpha='1' />
<Text Id='14' FontId='7' Alignment='CenterCenter' Wrap='False'>
<Color  R='1' G='1' B='1' A='1' />
</Text>
</VisualStyle>
<VisualStyle State='1' Mode='0'>
<Face Type='2D'>
<Color  R='0' G='0' B='0' A='1' />
</Face>
<Image Id='11' Alpha='1' />
<Text Id='14' FontId='7' Alignment='CenterCenter' Wrap='False'>
<Color  R='1' G='1' B='1' A='1' />
</Text>
</VisualStyle>
</VisualStyles>
<Bindings>
<Binding Id='285' Type='Digital' Property='State'/>
</Bindings>
<Commands>
<Command Action='TouchDown' Id='285' Type='Digital' Value='True' />
<Command Action='TouchUp' Id='285' Type='Digital' Value='False' />
</Commands>
</Control>
<Control Type='Button' Name='Button'>
<Position Units='Pixels' X='356' Y='380' />
<Size Units='Pixels' Width='115' Height='53' />
<VisualStyles>
<VisualStyle State='0' Mode='0'>
<Face Type='2D'>
<Color  R='1' G='1' B='1' A='0' />
</Face>
<Image Id='10' Alpha='1' />
<Text Id='108' FontId='7' Alignment='CenterCenter' Wrap='False'>
<Color  R='1' G='1' B='1' A='1' />
</Text>
</VisualStyle>
<VisualStyle State='1' Mode='0'>
<Face Type='2D'>
<Color  R='0' G='0' B='0' A='1' />
</Face>
<Image Id='11' Alpha='1' />
<Text Id='108' FontId='7' Alignment='CenterCenter' Wrap='False'>
<Color  R='1' G='1' B='1' A='1' />
</Text>
</VisualStyle>
</VisualStyles>
<Bindings>
<Binding Id='296' Type='Digital' Property='State'/>
</Bindings>
<Commands>
<Command Action='TouchDown' Id='296' Type='Digital' Value='True' />
<Command Action='TouchUp' Id='296' Type='Digital' Value='False' />
</Commands>
</Control>
<Control Type='Button' Name='Button'>
<Position Units='Pixels' X='164' Y='464' />
<Size Units='Pixels' Width='115' Height='53' />
<VisualStyles>
<VisualStyle State='0' Mode='0'>
<Face Type='2D'>
<Color  R='1' G='1' B='1' A='0' />
</Face>
<Image Id='10' Alpha='1' />
<Text Id='22' FontId='7' Alignment='CenterCenter' Wrap='False'>
<Color  R='1' G='1' B='1' A='1' />
</Text>
</VisualStyle>
<VisualStyle State='1' Mode='0'>
<Face Type='2D'>
<Color  R='0' G='0' B='0' A='1' />
</Face>
<Image Id='11' Alpha='1' />
<Text Id='22' FontId='7' Alignment='CenterCenter' Wrap='False'>
<Color  R='1' G='1' B='1' A='1' />
</Text>
</VisualStyle>
</VisualStyles>
<Bindings>
<Binding Id='297' Type='Digital' Property='State'/>
</Bindings>
<Commands>
<Command Action='TouchDown' Id='297' Type='Digital' Value='True' />
<Command Action='TouchUp' Id='297' Type='Digital' Value='False' />
</Commands>
</Control>
<Control Type='Button' Name='Button'>
<Position Units='Pixels' X='292' Y='464' />
<Size Units='Pixels' Width='115' Height='53' />
<VisualStyles>
<VisualStyle State='0' Mode='0'>
<Face Type='2D'>
<Color  R='1' G='1' B='1' A='0' />
</Face>
<Image Id='10' Alpha='1' />
<Text Id='23' FontId='7' Alignment='CenterCenter' Wrap='False'>
<Color  R='1' G='1' B='1' A='1' />
</Text>
</VisualStyle>
<VisualStyle State='1' Mode='0'>
<Face Type='2D'>
<Color  R='0' G='0' B='0' A='1' />
</Face>
<Image Id='11' Alpha='1' />
<Text Id='23' FontId='7' Alignment='CenterCenter' Wrap='False'>
<Color  R='1' G='1' B='1' A='1' />
</Text>
</VisualStyle>
</VisualStyles>
<Bindings>
<Binding Id='298' Type='Digital' Property='State'/>
</Bindings>
<Commands>
<Command Action='TouchDown' Id='298' Type='Digital' Value='True' />
<Command Action='TouchUp' Id='298' Type='Digital' Value='False' />
</Commands>
</Control>
</Control>
</File>
