<?xml version='1.0' encoding='ISO-8859-1' ?>
<File Type='Page' Version='5.1.0'>
<Control Type='Subpage' Name='{SYS} PROJ WARMING'>
<Position Units='Pixels' X='0' Y='0' />
<Size Units='Pixels' Width='805' Height='616' />
<VisualStyles>
<VisualStyle>
<Background>
<Color  R='0' G='0' B='0' A='1' />
</Background>
</VisualStyle>
</VisualStyles>
<Control Type='Button' Name='Text'>
<Position Units='Pixels' X='50' Y='99' />
<Size Units='Pixels' Width='716' Height='149' />
<VisualStyles>
<VisualStyle State='0' Mode='0'>
<Text Id='86' FontId='2' Alignment='CenterCenter' Wrap='False'>
<Color  R='1' G='1' B='1' A='1' />
</Text>
</VisualStyle>
</VisualStyles>
</Control>
<Control Type='Button' Name='GaugeBackdrop'>
<Position Units='Pixels' X='153' Y='298' />
<Size Units='Pixels' Width='460' Height='49' />
<VisualStyles>
<VisualStyle State='0' Mode='0'>
<Face Type='2D'>
<Color  R='0' G='0' B='0.627451' A='1' />
</Face>
<Text FontId='1' Alignment='CenterCenter' Wrap='False'>
<Color  R='0' G='0' B='0' A='1' />
</Text>
</VisualStyle>
</VisualStyles>
</Control>
<Control Type='Slider' Name='Analog Gauge'>
<Position Units='Pixels' X='153' Y='298' />
<Size Units='Pixels' Width='460' Height='49' />
<VisualStyles>
<VisualStyle State='0' Mode='0'>
<Format Type='2' Signed='False'>
<Slider Direction='0' />
</Format>
<Face Type='2D'>
<Color  R='1' G='0' B='0' A='1' />
</Face>
<Text FontId='1' Alignment='CenterCenter' Wrap='False'>
<Color  R='0' G='0' B='0' A='1' />
</Text>
</VisualStyle>
</VisualStyles>
<Bindings>
<Binding Id='20' Type='Analog' Property='Mode'/>
</Bindings>
</Control>
</Control>
</File>
